<?xml version="1.0" encoding="UTF-8"?>

<students>
  <student>
    <id>001</id>
    <name>Ferreras, Julie Rhose C.</name>
    <course>BSIT</course>
    <year>3</year>
  </student>

  <student>
    <id>002</id>
    <name>Angeles, Francis</name>
    <course>BSIT</course>
    <year>3</year>
  </student>

  <student>
    <id>003</id>
    <name>Guita, Lysa</name>
    <course>BSIT</course>
    <year>3</year>
  </student>
  
  <student>
    <id>004</id>
    <name>Phodaca, Clarice Joyce</name>
    <course>BSIT</course>
    <year>3</year>
  </student>
</students>